{"cameraMode":{"drawMode":0,"name":"Shaded","section":"Shading Mode"},"sceneLighting":false,"audioPlay":false,"sceneViewState":{"showFog":true,"showMaterialUpdate":false,"showSkybox":true,"showFlares":true,"showImageEffects":true,"showParticleSystems":true},"in2DMode":false,"pivot":{"x":-2.269108533859253,"y":0.6266429424285889,"z":5.470141887664795},"rotation":{"x":-0.08417724817991257,"y":0.4268782436847687,"z":-0.0399467833340168,"w":-0.8995051980018616},"size":5.100640296936035,"orthographic":false}