{"cameraMode":{"drawMode":0,"name":"Shaded","section":"Shading Mode"},"sceneLighting":false,"audioPlay":false,"sceneViewState":{"showFog":false,"showMaterialUpdate":false,"showSkybox":false,"showFlares":false,"showImageEffects":false,"showParticleSystems":false},"in2DMode":false,"pivot":{"x":-1.7302298545837403,"y":0.14965569972991944,"z":4.571659564971924},"rotation":{"x":-0.17330512404441834,"y":0.5188300013542175,"z":-0.10830850154161453,"w":-0.8301265239715576},"size":3.1977250576019289,"orthographic":false}