{"cameraMode":{"drawMode":0,"name":"Shaded","section":"Shading Mode"},"sceneLighting":false,"audioPlay":false,"sceneViewState":{"showFog":true,"showMaterialUpdate":false,"showSkybox":true,"showFlares":true,"showImageEffects":true,"showParticleSystems":true},"in2DMode":false,"pivot":{"x":0.16594886779785157,"y":1.940000057220459,"z":4.474186897277832},"rotation":{"x":-0.0492161363363266,"y":0.15132781863212586,"z":-0.007535730954259634,"w":-0.9872457385063171},"size":0.9526280164718628,"orthographic":false}