{"cameraMode":{"drawMode":0,"name":"Shaded","section":"Shading Mode"},"sceneLighting":false,"audioPlay":false,"sceneViewState":{"showFog":true,"showMaterialUpdate":false,"showSkybox":true,"showFlares":true,"showImageEffects":true,"showParticleSystems":true},"in2DMode":false,"pivot":{"x":2.2722232341766359,"y":1.8080464601516724,"z":4.645997047424316},"rotation":{"x":-0.07155662775039673,"y":0.40296223759651186,"z":-0.031617507338523868,"w":-0.9118821620941162},"size":1.51798677444458,"orthographic":false}