{"cameraMode":{"drawMode":0,"name":"Shaded","section":"Shading Mode"},"sceneLighting":false,"audioPlay":false,"sceneViewState":{"showFog":true,"showMaterialUpdate":false,"showSkybox":true,"showFlares":true,"showImageEffects":true,"showParticleSystems":true},"in2DMode":false,"pivot":{"x":0.8030368089675903,"y":1.5508525371551514,"z":3.9146807193756105},"rotation":{"x":-0.22484026849269868,"y":-0.11167620122432709,"z":0.025947237387299539,"w":-0.9676332473754883},"size":3.1121320724487306,"orthographic":false}