{"cameraMode":{"drawMode":0,"name":"Shaded","section":"Shading Mode"},"sceneLighting":false,"audioPlay":false,"sceneViewState":{"showFog":true,"showMaterialUpdate":false,"showSkybox":true,"showFlares":true,"showImageEffects":true,"showParticleSystems":true},"in2DMode":false,"pivot":{"x":-1.9337847232818604,"y":2.7757537364959719,"z":4.495940208435059},"rotation":{"x":-0.10420335829257965,"y":0.5272377729415894,"z":-0.06534647196531296,"w":-0.8407760262489319},"size":3.1121320724487306,"orthographic":false}