{"cameraMode":{"drawMode":0,"name":"Shaded","section":"Shading Mode"},"sceneLighting":false,"audioPlay":false,"sceneViewState":{"showFog":true,"showMaterialUpdate":false,"showSkybox":true,"showFlares":true,"showImageEffects":true,"showParticleSystems":true},"in2DMode":false,"pivot":{"x":-2.212132692337036,"y":1.3287748098373414,"z":1.430895209312439},"rotation":{"x":-0.138882115483284,"y":-0.4292338490486145,"z":0.06698522716760636,"w":-0.8899379968643189},"size":2.05403733253479,"orthographic":false}