{"cameraMode":{"drawMode":0,"name":"Shaded","section":"Shading Mode"},"sceneLighting":false,"audioPlay":false,"sceneViewState":{"showFog":false,"showMaterialUpdate":false,"showSkybox":false,"showFlares":false,"showImageEffects":false,"showParticleSystems":false},"in2DMode":false,"pivot":{"x":-5.594194412231445,"y":0.9341464638710022,"z":13.82164478302002},"rotation":{"x":-0.1935642957687378,"y":0.07115968316793442,"z":-0.01406304445117712,"w":-0.9784255027770996},"size":1.599365472793579,"orthographic":false}