{"cameraMode":{"drawMode":0,"name":"Shaded","section":"Shading Mode"},"sceneLighting":false,"audioPlay":false,"sceneViewState":{"showFog":false,"showMaterialUpdate":false,"showSkybox":false,"showFlares":false,"showImageEffects":false,"showParticleSystems":false},"in2DMode":false,"pivot":{"x":0.1863870620727539,"y":0.7612329721450806,"z":6.158200740814209},"rotation":{"x":-0.0947672501206398,"y":-0.1687946766614914,"z":0.016322331503033639,"w":-0.9809709191322327},"size":3.7539124488830568,"orthographic":false}