{"cameraMode":{"drawMode":0,"name":"Shaded","section":"Shading Mode"},"sceneLighting":false,"audioPlay":false,"sceneViewState":{"showFog":false,"showMaterialUpdate":false,"showSkybox":false,"showFlares":false,"showImageEffects":false,"showParticleSystems":false},"in2DMode":false,"pivot":{"x":9.58311939239502,"y":-2.415649890899658,"z":2.840221643447876},"rotation":{"x":-0.03724908083677292,"y":0.6352099776268005,"z":-0.030750175938010217,"w":-0.7710762023925781},"size":0.16583126783370973,"orthographic":false}