{"cameraMode":{"drawMode":0,"name":"Shaded","section":"Shading Mode"},"sceneLighting":false,"audioPlay":false,"sceneViewState":{"showFog":false,"showMaterialUpdate":false,"showSkybox":false,"showFlares":false,"showImageEffects":false,"showParticleSystems":false},"in2DMode":false,"pivot":{"x":-4.302218914031982,"y":2.356409788131714,"z":2.0970494747161867},"rotation":{"x":-0.031711477786302569,"y":0.0769856795668602,"z":-0.002435603179037571,"w":-0.9965511560440064},"size":1.0977253913879395,"orthographic":false}