{"cameraMode":{"drawMode":0,"name":"Shaded","section":"Shading Mode"},"sceneLighting":false,"audioPlay":false,"sceneViewState":{"showFog":true,"showMaterialUpdate":false,"showSkybox":true,"showFlares":true,"showImageEffects":true,"showParticleSystems":true},"in2DMode":false,"pivot":{"x":3.9174695014953615,"y":1.6399999856948853,"z":6.380000114440918},"rotation":{"x":-0.10041561722755432,"y":0.18161450326442719,"z":-0.01864500902593136,"w":-0.9780604243278503},"size":2.1179866790771486,"orthographic":false}