{"cameraMode":{"drawMode":0,"name":"Shaded","section":"Shading Mode"},"sceneLighting":false,"audioPlay":false,"sceneViewState":{"showFog":false,"showMaterialUpdate":false,"showSkybox":false,"showFlares":false,"showImageEffects":false,"showParticleSystems":false},"in2DMode":false,"pivot":{"x":10.986139297485352,"y":1.5476499795913697,"z":1.882522702217102},"rotation":{"x":-0.07190032303333283,"y":-0.5421837568283081,"z":0.04664716124534607,"w":-0.8359105587005615},"size":3.1977250576019289,"orthographic":false}