{"cameraMode":{"drawMode":0,"name":"Shaded","section":"Shading Mode"},"sceneLighting":false,"audioPlay":false,"sceneViewState":{"showFog":true,"showMaterialUpdate":false,"showSkybox":true,"showFlares":true,"showImageEffects":true,"showParticleSystems":true},"in2DMode":false,"pivot":{"x":-0.8505402207374573,"y":1.443758249282837,"z":-1.8653861284255982},"rotation":{"x":-0.10884160548448563,"y":0.8566721677780151,"z":-0.2017679661512375,"w":-0.4621226489543915},"size":5.712730407714844,"orthographic":false}