{"cameraMode":{"drawMode":0,"name":"Shaded","section":"Shading Mode"},"sceneLighting":false,"audioPlay":false,"sceneViewState":{"showFog":false,"showMaterialUpdate":false,"showSkybox":false,"showFlares":false,"showImageEffects":false,"showParticleSystems":false},"in2DMode":false,"pivot":{"x":3.1013166904449465,"y":4.490557670593262,"z":1.937828779220581},"rotation":{"x":0.19984358549118043,"y":-0.4572925567626953,"z":0.1062518060207367,"w":0.8600449562072754},"size":0.8660253882408142,"orthographic":false}